FacultyId,Firstname,Lastname,Department,Address,City,State,Zip,Email,Phone
bnguyen,Bob,Nguyen,CNET,39399 Cherry St,Fremont,CA,94538,pnguyen@ohlone.edu,510-742-2300
dtopham,David,Topham,CS,43600 Mission Blvd.,Fremont,CA,94538,dtopham@ohlone.edu,510-659-6000
jpham,Jim,Pham,CS,39399 Cherry St,Neward,CA,94560,jpham@ohlone.edu,510-742-2300
rsha,Ron,Sha,CNET,39399 Cherry St,Fremont,CA,94538,rsha@ohlone.edu,510-742-2300
schenhansa,Suporn,Chenhansa,CS,43600 Mission Blvd.,Fremont,CA,94538,schenhansa@ohlone.edu,510-659-6000
imalik,I,Malik,CS,43600 Mission Blvd.,Fremont,CA,94538,imalik@ohlone.edu,510-659-6000
